Source,Target,,,,,,,,,,,,,,,,,,,,,,,,
MV101,FIT101,,,,,,,,,,,,,,,,,,,,,,,,
FIT101,LIT101,,,,,,,,,,,,,,,,,,,,,,,,
LIT101,P101,,,,,,,,,,,,,,,,,,,,,,,,
LIT101,P102,,,,,,,,,,,,,,,,,,,,,,,,
P101,FIT201,,,,,,,,,,,,,,,,,,,,,,,,
P102,FIT201,,,,,,,,,,,,,,,,,,,,,,,,
FIT201,AIT201,,,,,,,,,,,,,,,,,,,,,,,,
AIT201,P201,,,,,,,,,,,,,,,,,,,,,,,,
P201,P202,,,,,,,,,,,,,,,,,,,,,,,,
P202,P203,,,,,,,,,,,,,,,,,,,,,,,,
P204,P205,,,,,,,,,,,,,,,,,,,,,,,,
P205,P206,,,,,,,,,,,,,,,,,,,,,,,,
P206,MV201,,,,,,,,,,,,,,,,,,,,,,,,
MV201,AIT202,,,,,,,,,,,,,,,,,,,,,,,,
AIT202,AIT203,,,,,,,,,,,,,,,,,,,,,,,,
AIT203,LIT301,,,,,,,,,,,,,,,,,,,,,,,,
LIT301,P301,,,,,,,,,,,,,,,,,,,,,,,,
LIT301,P302,,,,,,,,,,,,,,,,,,,,,,,,
P301,FIT301,,,,,,,,,,,,,,,,,,,,,,,,
P302,FIT301,,,,,,,,,,,,,,,,,,,,,,,,
FIT301,MV301,,,,,,,,,,,,,,,,,,,,,,,,
MV301,DPIT301,,,,,,,,,,,,,,,,,,,,,,,,
DPIT301,MV302,,,,,,,,,,,,,,,,,,,,,,,,
MV302,MV304,,,,,,,,,,,,,,,,,,,,,,,,
DPIT301,MV303,,,,,,,,,,,,,,,,,,,,,,,,
DPIT301,LIT401,,,,,,,,,,,,,,,,,,,,,,,,
LIT401,P401,,,,,,,,,,,,,,,,,,,,,,,,
LIT401,P402,,,,,,,,,,,,,,,,,,,,,,,,
P401,AIT401,,,,,,,,,,,,,,,,,,,,,,,,
P402,AIT401,,,,,,,,,,,,,,,,,,,,,,,,
AIT401,FIT401,,,,,,,,,,,,,,,,,,,,,,,,
FIT401,UV401,,,,,,,,,,,,,,,,,,,,,,,,
UV401,AIT402,,,,,,,,,,,,,,,,,,,,,,,,
AIT402,P403,,,,,,,,,,,,,,,,,,,,,,,,
P403,P404,,,,,,,,,,,,,,,,,,,,,,,,
AIT402,AIT501,,,,,,,,,,,,,,,,,,,,,,,,
AIT501,AIT502,,,,,,,,,,,,,,,,,,,,,,,,
AIT502,AIT503,,,,,,,,,,,,,,,,,,,,,,,,
AIT503,FIT501,,,,,,,,,,,,,,,,,,,,,,,,
FIT501,FIT504,,,,,,,,,,,,,,,,,,,,,,,,
FIT504,P501,,,,,,,,,,,,,,,,,,,,,,,,
FIT504,P502,,,,,,,,,,,,,,,,,,,,,,,,
P501,PIT501,,,,,,,,,,,,,,,,,,,,,,,,
P502,PIT501,,,,,,,,,,,,,,,,,,,,,,,,
PIT501,PIT502,,,,,,,,,,,,,,,,,,,,,,,,
PIT502,AIT504,,,,,,,,,,,,,,,,,,,,,,,,
AIT504,FIT502,,,,,,,,,,,,,,,,,,,,,,,,
PIT501,FIT503,,,,,,,,,,,,,,,,,,,,,,,,
FIT503,PIT503,,,,,,,,,,,,,,,,,,,,,,,,
PIT503,FIT504,,,,,,,,,,,,,,,,,,,,,,,,
PIT503,P602,,,,,,,,,,,,,,,,,,,,,,,,
P602,FIT601,,,,,,,,,,,,,,,,,,,,,,,,
P602,DPIT301,,,,,,,,,,,,,,,,,,,,,,,,
FIT502,P601,,,,,,,,,,,,,,,,,,,,,,,,
P601,LIT101,,,,,,,,,,,,,,,,,,,,,,,,
FIT502,P603,,,,,,,,,,,,,,,,,,,,,,,,
P603,PIT501,,,,,,,,,,,,,,,,,,,,,,,,
